name,category,price,description,availability,image,sizes,ingredients
Espresso,Coffees,90,Freshly crafted Espresso.,Available,1_Espresso.png,Single:0:1;Double:30:2,Coffee Beans:18:required;Filtered Water:30:required;Coffee Beans:18:option:Extra shot;Vanilla Syrup:15:option:Vanilla syrup;Caramel Syrup:15:option:Caramel syrup;Whipping Cream:30:option:Whipped cream
Double Espresso,Coffees,120,Freshly crafted Double Espresso.,Available,2_Double_Espresso.png,Double:0:1,Coffee Beans:36:required;Filtered Water:60:required;Coffee Beans:18:option:Extra shot;Vanilla Syrup:15:option:Vanilla syrup;Caramel Syrup:15:option:Caramel syrup;Whipping Cream:30:option:Whipped cream
Americano,Coffees,110,Freshly crafted Americano.,Available,3_Americano.png,Regular:0:1;Large:25:1.5,Coffee Beans:18:required;Filtered Water:220:required;Coffee Beans:18:option:Extra shot;Vanilla Syrup:15:option:Vanilla syrup;Caramel Syrup:15:option:Caramel syrup;Whipping Cream:30:option:Whipped cream
Cafe Latte,Coffees,140,Freshly crafted Cafe Latte.,Available,4_Cafe_Latte.png,Regular:0:1;Large:25:1.5,Coffee Beans:18:required;Fresh Milk:170:required;Coffee Beans:18:option:Extra shot;Vanilla Syrup:15:option:Vanilla syrup;Caramel Syrup:15:option:Caramel syrup;Whipping Cream:30:option:Whipped cream
Cappuccino,Coffees,130,Freshly crafted Cappuccino.,Available,5_Cappuccino.png,Regular:0:1;Large:25:1.5,Coffee Beans:18:required;Fresh Milk:140:required;Coffee Beans:18:option:Extra shot;Vanilla Syrup:15:option:Vanilla syrup;Caramel Syrup:15:option:Caramel syrup;Whipping Cream:30:option:Whipped cream
Flat White,Coffees,150,Freshly crafted Flat White.,Available,6_Flat_White.png,Regular:0:1;Large:25:1.5,Coffee Beans:18:required;Fresh Milk:150:required;Coffee Beans:18:option:Extra shot;Vanilla Syrup:15:option:Vanilla syrup;Caramel Syrup:15:option:Caramel syrup;Whipping Cream:30:option:Whipped cream
Cafe Mocha,Coffees,150,Freshly crafted Cafe Mocha.,Available,7_Cafe_Mocha.png,Regular:0:1;Large:25:1.5,Coffee Beans:18:required;Fresh Milk:170:required;Chocolate Sauce:25:required;Coffee Beans:18:option:Extra shot;Vanilla Syrup:15:option:Vanilla syrup;Caramel Syrup:15:option:Caramel syrup;Whipping Cream:30:option:Whipped cream
White Chocolate Mocha,Coffees,170,Freshly crafted White Chocolate Mocha.,Available,8_White_Chocolate_Mocha.png,Regular:0:1;Large:25:1.5,Coffee Beans:18:required;Fresh Milk:170:required;White Chocolate Sauce:25:required;Coffee Beans:18:option:Extra shot;Vanilla Syrup:15:option:Vanilla syrup;Caramel Syrup:15:option:Caramel syrup;Whipping Cream:30:option:Whipped cream
Caramel Macchiato,Coffees,170,Freshly crafted Caramel Macchiato.,Available,9_Caramel_Macchiato.png,Regular:0:1;Large:25:1.5,Coffee Beans:18:required;Fresh Milk:170:required;Vanilla Syrup:10:required;Caramel Syrup:18:required;Coffee Beans:18:option:Extra shot;Vanilla Syrup:15:option:Vanilla syrup;Caramel Syrup:15:option:Caramel syrup;Whipping Cream:30:option:Whipped cream
Vanilla Latte,Coffees,160,Freshly crafted Vanilla Latte.,Available,10_Vanilla_Latte.png,Regular:0:1;Large:25:1.5,Coffee Beans:18:required;Fresh Milk:170:required;Vanilla Syrup:20:required;Coffee Beans:18:option:Extra shot;Vanilla Syrup:15:option:Vanilla syrup;Caramel Syrup:15:option:Caramel syrup;Whipping Cream:30:option:Whipped cream
Caramel Latte,Coffees,170,Freshly crafted Caramel Latte.,Available,11_Caramel_Latte.png,Regular:0:1;Large:25:1.5,Coffee Beans:18:required;Fresh Milk:170:required;Caramel Syrup:20:required;Coffee Beans:18:option:Extra shot;Vanilla Syrup:15:option:Vanilla syrup;Caramel Syrup:15:option:Caramel syrup;Whipping Cream:30:option:Whipped cream
Hazelnut Latte,Coffees,160,Freshly crafted Hazelnut Latte.,Available,12_Hazelnut_Latte.png,Regular:0:1;Large:25:1.5,Coffee Beans:18:required;Fresh Milk:170:required;Hazelnut Syrup:20:required;Coffee Beans:18:option:Extra shot;Vanilla Syrup:15:option:Vanilla syrup;Caramel Syrup:15:option:Caramel syrup;Whipping Cream:30:option:Whipped cream
Spanish Latte,Coffees,160,Freshly crafted Spanish Latte.,Available,13_Spanish_Latte.png,Regular:0:1;Large:25:1.5,Coffee Beans:18:required;Fresh Milk:170:required;Condensed Milk:30:required;Coffee Beans:18:option:Extra shot;Vanilla Syrup:15:option:Vanilla syrup;Caramel Syrup:15:option:Caramel syrup;Whipping Cream:30:option:Whipped cream
Brown Sugar Latte,Coffees,170,Freshly crafted Brown Sugar Latte.,Available,14_Brown_Sugar_Latte.png,Regular:0:1;Large:25:1.5,Coffee Beans:18:required;Fresh Milk:170:required;Brown Sugar Syrup:20:required;Coffee Beans:18:option:Extra shot;Vanilla Syrup:15:option:Vanilla syrup;Caramel Syrup:15:option:Caramel syrup;Whipping Cream:30:option:Whipped cream
Salted Caramel Latte,Coffees,180,Freshly crafted Salted Caramel Latte.,Available,15_Salted_Caramel_Latte.png,Regular:0:1;Large:25:1.5,Coffee Beans:18:required;Fresh Milk:170:required;Caramel Syrup:20:required;Salted Caramel Syrup:20:required;Coffee Beans:18:option:Extra shot;Vanilla Syrup:15:option:Vanilla syrup;Caramel Syrup:15:option:Caramel syrup;Whipping Cream:30:option:Whipped cream
Cinnamon Latte,Coffees,160,Freshly crafted Cinnamon Latte.,Available,16_Cinnamon_Latte.png,Regular:0:1;Large:25:1.5,Coffee Beans:18:required;Fresh Milk:170:required;Cinnamon Powder:2:required;Coffee Beans:18:option:Extra shot;Vanilla Syrup:15:option:Vanilla syrup;Caramel Syrup:15:option:Caramel syrup;Whipping Cream:30:option:Whipped cream
Honey Cinnamon Latte,Coffees,170,Freshly crafted Honey Cinnamon Latte.,Available,17_Honey_Cinnamon_Latte.png,Regular:0:1;Large:25:1.5,Coffee Beans:18:required;Fresh Milk:170:required;Cinnamon Powder:2:required;Honey:15:required;Coffee Beans:18:option:Extra shot;Vanilla Syrup:15:option:Vanilla syrup;Caramel Syrup:15:option:Caramel syrup;Whipping Cream:30:option:Whipped cream
Pistachio Latte,Coffees,180,Freshly crafted Pistachio Latte.,Available,18_Pistachio_Latte.png,Regular:0:1;Large:25:1.5,Coffee Beans:18:required;Fresh Milk:170:required;Pistachio Syrup:20:required;Coffee Beans:18:option:Extra shot;Vanilla Syrup:15:option:Vanilla syrup;Caramel Syrup:15:option:Caramel syrup;Whipping Cream:30:option:Whipped cream
Toffee Nut Latte,Coffees,170,Freshly crafted Toffee Nut Latte.,Available,19_Toffee_Nut_Latte.png,Regular:0:1;Large:25:1.5,Coffee Beans:18:required;Fresh Milk:170:required;Toffee Nut Syrup:20:required;Coffee Beans:18:option:Extra shot;Vanilla Syrup:15:option:Vanilla syrup;Caramel Syrup:15:option:Caramel syrup;Whipping Cream:30:option:Whipped cream
Dark Chocolate Mocha,Coffees,180,Freshly crafted Dark Chocolate Mocha.,Available,20_Dark_Chocolate_Mocha.png,Regular:0:1;Large:25:1.5,Coffee Beans:18:required;Fresh Milk:170:required;Chocolate Sauce:25:required;Coffee Beans:18:option:Extra shot;Vanilla Syrup:15:option:Vanilla syrup;Caramel Syrup:15:option:Caramel syrup;Whipping Cream:30:option:Whipped cream
Black Coffee,Coffees,100,Freshly crafted Black Coffee.,Available,21_Black_Coffee.png,Regular:0:1;Large:25:1.5,Coffee Beans:18:required;Filtered Water:220:required;Coffee Beans:18:option:Extra shot;Vanilla Syrup:15:option:Vanilla syrup;Caramel Syrup:15:option:Caramel syrup;Whipping Cream:30:option:Whipped cream
Cafe Au Lait,Coffees,140,Freshly crafted Cafe Au Lait.,Available,22_Cafe_Au_Lait.png,Regular:0:1;Large:25:1.5,Coffee Beans:18:required;Fresh Milk:170:required;Coffee Beans:18:option:Extra shot;Vanilla Syrup:15:option:Vanilla syrup;Caramel Syrup:15:option:Caramel syrup;Whipping Cream:30:option:Whipped cream
Vietnamese Coffee,Coffees,150,Freshly crafted Vietnamese Coffee.,Available,23_Vietnamese_Coffee.png,16 oz:0:1;22 oz:30:1.4,Coffee Beans:18:required;Filtered Water:120:required;Condensed Milk:35:required;Coffee Beans:18:option:Extra shot;Vanilla Syrup:15:option:Vanilla syrup;Caramel Syrup:15:option:Caramel syrup;Whipping Cream:30:option:Whipped cream
Macchiato,Coffees,110,Freshly crafted Macchiato.,Available,24_Macchiato.png,Regular:0:1;Large:25:1.5,Coffee Beans:18:required;Fresh Milk:40:required;Coffee Beans:18:option:Extra shot;Vanilla Syrup:15:option:Vanilla syrup;Caramel Syrup:15:option:Caramel syrup;Whipping Cream:30:option:Whipped cream
Affogato,Coffees,180,Freshly crafted Affogato.,Available,25_Affogato.png,Regular:0:1,Coffee Beans:18:required;Vanilla Ice Cream:90:required;Coffee Beans:18:option:Extra shot;Vanilla Syrup:15:option:Vanilla syrup;Caramel Syrup:15:option:Caramel syrup;Whipping Cream:30:option:Whipped cream
Cold Brew,Coffees,150,Freshly crafted Cold Brew.,Available,26_Cold_Brew.png,16 oz:0:1;22 oz:30:1.4,Coffee Beans:25:required;Filtered Water:260:required;Coffee Beans:18:option:Extra shot;Vanilla Syrup:15:option:Vanilla syrup;Caramel Syrup:15:option:Caramel syrup;Whipping Cream:30:option:Whipped cream
Iced Americano,Coffees,120,Freshly crafted Iced Americano.,Available,27_Iced_Americano.png,16 oz:0:1;22 oz:30:1.4,Coffee Beans:18:required;Filtered Water:220:required;Filtered Water:40:required;Coffee Beans:18:option:Extra shot;Vanilla Syrup:15:option:Vanilla syrup;Caramel Syrup:15:option:Caramel syrup;Whipping Cream:30:option:Whipped cream
Iced Cafe Latte,Coffees,150,Freshly crafted Iced Cafe Latte.,Available,28_Iced_Cafe_Latte.png,16 oz:0:1;22 oz:30:1.4,Coffee Beans:18:required;Fresh Milk:170:required;Filtered Water:40:required;Coffee Beans:18:option:Extra shot;Vanilla Syrup:15:option:Vanilla syrup;Caramel Syrup:15:option:Caramel syrup;Whipping Cream:30:option:Whipped cream
Iced Cafe Mocha,Coffees,160,Freshly crafted Iced Cafe Mocha.,Available,29_Iced_Cafe_Mocha.png,16 oz:0:1;22 oz:30:1.4,Coffee Beans:18:required;Fresh Milk:170:required;Chocolate Sauce:25:required;Filtered Water:40:required;Coffee Beans:18:option:Extra shot;Vanilla Syrup:15:option:Vanilla syrup;Caramel Syrup:15:option:Caramel syrup;Whipping Cream:30:option:Whipped cream
Iced Caramel Macchiato,Coffees,180,Freshly crafted Iced Caramel Macchiato.,Available,30_Iced_Caramel_Macchiato.png,16 oz:0:1;22 oz:30:1.4,Coffee Beans:18:required;Fresh Milk:170:required;Vanilla Syrup:10:required;Caramel Syrup:18:required;Filtered Water:40:required;Coffee Beans:18:option:Extra shot;Vanilla Syrup:15:option:Vanilla syrup;Caramel Syrup:15:option:Caramel syrup;Whipping Cream:30:option:Whipped cream
Classic Hot Chocolate,Non-Coffees,120,Refreshing café-style Classic Hot Chocolate.,Available,31_Classic_Hot_Chocolate.png,Regular:0:1;Large:25:1.5,Fresh Milk:180:required;Cocoa Powder:18:required;Boba Pearls:35:option:Boba;Boba Pearls:30:option:Pearls;Whipping Cream:30:option:Whipped Cream
Dark Hot Chocolate,Non-Coffees,140,Refreshing café-style Dark Hot Chocolate.,Available,32_Dark_Hot_Chocolate.png,Regular:0:1;Large:25:1.5,Fresh Milk:180:required;Cocoa Powder:18:required;Chocolate Sauce:15:required;Boba Pearls:35:option:Boba;Boba Pearls:30:option:Pearls;Whipping Cream:30:option:Whipped Cream
White Hot Chocolate,Non-Coffees,140,Refreshing café-style White Hot Chocolate.,Available,33_White_Hot_Chocolate.png,Regular:0:1;Large:25:1.5,Fresh Milk:180:required;White Chocolate Sauce:25:required;Boba Pearls:35:option:Boba;Boba Pearls:30:option:Pearls;Whipping Cream:30:option:Whipped Cream
Iced Chocolate,Non-Coffees,130,Refreshing café-style Iced Chocolate.,Available,34_Iced_Chocolate.png,16 oz:0:1;22 oz:25:1.4,Fresh Milk:180:required;Cocoa Powder:18:required;Boba Pearls:35:option:Boba;Boba Pearls:30:option:Pearls;Whipping Cream:30:option:Whipped Cream
Chocolate Milk,Non-Coffees,110,Refreshing café-style Chocolate Milk.,Available,35_Chocolate_Milk.png,16 oz:0:1;22 oz:25:1.4,Fresh Milk:180:required;Cocoa Powder:18:required;Boba Pearls:35:option:Boba;Boba Pearls:30:option:Pearls;Whipping Cream:30:option:Whipped Cream
Matcha Latte,Non-Coffees,150,Refreshing café-style Matcha Latte.,Available,36_Matcha_Latte.png,Regular:0:1;Large:25:1.5,Matcha Powder:6:required;Fresh Milk:180:required;Boba Pearls:35:option:Boba;Boba Pearls:30:option:Pearls;Whipping Cream:30:option:Whipped Cream
Iced Matcha Latte,Non-Coffees,160,Refreshing café-style Iced Matcha Latte.,Available,37_Iced_Matcha_Latte.png,16 oz:0:1;22 oz:25:1.4,Matcha Powder:6:required;Fresh Milk:180:required;Boba Pearls:35:option:Boba;Boba Pearls:30:option:Pearls;Whipping Cream:30:option:Whipped Cream
Strawberry Matcha Latte,Non-Coffees,170,Refreshing café-style Strawberry Matcha Latte.,Available,38_Strawberry_Matcha_Latte.png,16 oz:0:1;22 oz:25:1.4,Matcha Powder:6:required;Fresh Milk:180:required;Strawberry Syrup:20:required;Boba Pearls:35:option:Boba;Boba Pearls:30:option:Pearls;Whipping Cream:30:option:Whipped Cream
Mango Matcha Latte,Non-Coffees,170,Refreshing café-style Mango Matcha Latte.,Available,39_Mango_Matcha_Latte.png,16 oz:0:1;22 oz:25:1.4,Matcha Powder:6:required;Fresh Milk:180:required;Mango Syrup:20:required;Boba Pearls:35:option:Boba;Boba Pearls:30:option:Pearls;Whipping Cream:30:option:Whipped Cream
Vanilla Matcha Latte,Non-Coffees,160,Refreshing café-style Vanilla Matcha Latte.,Available,40_Vanilla_Matcha_Latte.png,16 oz:0:1;22 oz:25:1.4,Matcha Powder:6:required;Fresh Milk:180:required;Vanilla Syrup:15:required;Boba Pearls:35:option:Boba;Boba Pearls:30:option:Pearls;Whipping Cream:30:option:Whipped Cream
Strawberry Milk,Non-Coffees,130,Refreshing café-style Strawberry Milk.,Available,41_Strawberry_Milk.png,16 oz:0:1;22 oz:25:1.4,Fresh Milk:190:required;Strawberry Syrup:25:required;Boba Pearls:35:option:Boba;Boba Pearls:30:option:Pearls;Whipping Cream:30:option:Whipped Cream
Mango Milk,Non-Coffees,130,Refreshing café-style Mango Milk.,Available,42_Mango_Milk.png,16 oz:0:1;22 oz:25:1.4,Fresh Milk:190:required;Mango Syrup:25:required;Boba Pearls:35:option:Boba;Boba Pearls:30:option:Pearls;Whipping Cream:30:option:Whipped Cream
Banana Milk,Non-Coffees,130,Refreshing café-style Banana Milk.,Available,43_Banana_Milk.png,16 oz:0:1;22 oz:25:1.4,Fresh Milk:190:required;Banana:1:required;Boba Pearls:35:option:Boba;Boba Pearls:30:option:Pearls;Whipping Cream:30:option:Whipped Cream
Cookies and Cream,Non-Coffees,150,Refreshing café-style Cookies and Cream.,Available,44_Cookies_and_Cream.png,16 oz:0:1;22 oz:25:1.4,Fresh Milk:180:required;Oreo Crumbs:30:required;Vanilla Syrup:10:required;Boba Pearls:35:option:Boba;Boba Pearls:30:option:Pearls;Whipping Cream:30:option:Whipped Cream
Chocolate Oreo,Non-Coffees,150,Refreshing café-style Chocolate Oreo.,Available,45_Chocolate_Oreo.png,16 oz:0:1;22 oz:25:1.4,Fresh Milk:180:required;Oreo Crumbs:25:required;Cocoa Powder:12:required;Boba Pearls:35:option:Boba;Boba Pearls:30:option:Pearls;Whipping Cream:30:option:Whipped Cream
Strawberry Smoothie,Non-Coffees,160,Refreshing café-style Strawberry Smoothie.,Available,46_Strawberry_Smoothie.png,16 oz:0:1;22 oz:25:1.4,Fresh Milk:150:required;White Sugar:15:required;Strawberries:120:required;Boba Pearls:35:option:Boba;Boba Pearls:30:option:Pearls;Whipping Cream:30:option:Whipped Cream
Mango Smoothie,Non-Coffees,160,Refreshing café-style Mango Smoothie.,Available,47_Mango_Smoothie.png,16 oz:0:1;22 oz:25:1.4,Fresh Milk:150:required;White Sugar:15:required;Mango:1:required;Boba Pearls:35:option:Boba;Boba Pearls:30:option:Pearls;Whipping Cream:30:option:Whipped Cream
Banana Smoothie,Non-Coffees,150,Refreshing café-style Banana Smoothie.,Available,48_Banana_Smoothie.png,16 oz:0:1;22 oz:25:1.4,Fresh Milk:150:required;White Sugar:15:required;Banana:1:required;Boba Pearls:35:option:Boba;Boba Pearls:30:option:Pearls;Whipping Cream:30:option:Whipped Cream
Mixed Berry Smoothie,Non-Coffees,170,Refreshing café-style Mixed Berry Smoothie.,Available,49_Mixed_Berry_Smoothie.png,16 oz:0:1;22 oz:25:1.4,Fresh Milk:150:required;White Sugar:15:required;Mixed Berries:120:required;Boba Pearls:35:option:Boba;Boba Pearls:30:option:Pearls;Whipping Cream:30:option:Whipped Cream
Avocado Smoothie,Non-Coffees,170,Refreshing café-style Avocado Smoothie.,Available,50_Avocado_Smoothie.png,16 oz:0:1;22 oz:25:1.4,Fresh Milk:150:required;White Sugar:15:required;Avocado:1:required;Boba Pearls:35:option:Boba;Boba Pearls:30:option:Pearls;Whipping Cream:30:option:Whipped Cream
Fresh Lemonade,Non-Coffees,110,Refreshing café-style Fresh Lemonade.,Available,51_Fresh_Lemonade.png,16 oz:0:1;22 oz:25:1.4,Lemon Juice:45:required;Filtered Water:200:required;White Sugar:20:required;Boba Pearls:35:option:Boba;Boba Pearls:30:option:Pearls;Whipping Cream:30:option:Whipped Cream
Strawberry Lemonade,Non-Coffees,130,Refreshing café-style Strawberry Lemonade.,Available,52_Strawberry_Lemonade.png,16 oz:0:1;22 oz:25:1.4,Lemon Juice:45:required;Filtered Water:200:required;White Sugar:20:required;Strawberry Syrup:20:required;Boba Pearls:35:option:Boba;Boba Pearls:30:option:Pearls;Whipping Cream:30:option:Whipped Cream
Honey Lemon,Non-Coffees,120,Refreshing café-style Honey Lemon.,Available,53_Honey_Lemon.png,Regular:0:1;Large:25:1.5,Lemon Juice:35:required;Honey:20:required;Filtered Water:200:required;Boba Pearls:35:option:Boba;Boba Pearls:30:option:Pearls;Whipping Cream:30:option:Whipped Cream
Peach Iced Tea,Non-Coffees,120,Refreshing café-style Peach Iced Tea.,Available,54_Peach_Iced_Tea.png,16 oz:0:1;22 oz:25:1.4,Black Tea Leaves:5:required;Filtered Water:230:required;Peach Syrup:20:required;Boba Pearls:35:option:Boba;Boba Pearls:30:option:Pearls;Whipping Cream:30:option:Whipped Cream
Lemon Iced Tea,Non-Coffees,110,Refreshing café-style Lemon Iced Tea.,Available,55_Lemon_Iced_Tea.png,16 oz:0:1;22 oz:25:1.4,Black Tea Leaves:5:required;Filtered Water:230:required;Lemon Juice:25:required;Boba Pearls:35:option:Boba;Boba Pearls:30:option:Pearls;Whipping Cream:30:option:Whipped Cream
Lychee Iced Tea,Non-Coffees,130,Refreshing café-style Lychee Iced Tea.,Available,56_Lychee_Iced_Tea.png,16 oz:0:1;22 oz:25:1.4,Black Tea Leaves:5:required;Filtered Water:230:required;Lychee Syrup:20:required;Boba Pearls:35:option:Boba;Boba Pearls:30:option:Pearls;Whipping Cream:30:option:Whipped Cream
Passion Fruit Tea,Non-Coffees,130,Refreshing café-style Passion Fruit Tea.,Available,57_Passion_Fruit_Tea.png,16 oz:0:1;22 oz:25:1.4,Black Tea Leaves:5:required;Filtered Water:230:required;Passion Fruit Syrup:20:required;Boba Pearls:35:option:Boba;Boba Pearls:30:option:Pearls;Whipping Cream:30:option:Whipped Cream
Green Apple Soda,Non-Coffees,120,Refreshing café-style Green Apple Soda.,Available,58_Green_Apple_Soda.png,16 oz:0:1;22 oz:25:1.4,Soda Water:250:required;Green Apple Syrup:25:required;Boba Pearls:35:option:Boba;Boba Pearls:30:option:Pearls;Whipping Cream:30:option:Whipped Cream
Strawberry Soda,Non-Coffees,120,Refreshing café-style Strawberry Soda.,Available,59_Strawberry_Soda.png,16 oz:0:1;22 oz:25:1.4,Soda Water:250:required;Strawberry Syrup:25:required;Boba Pearls:35:option:Boba;Boba Pearls:30:option:Pearls;Whipping Cream:30:option:Whipped Cream
Blueberry Soda,Non-Coffees,120,Refreshing café-style Blueberry Soda.,Available,60_Blueberry_Soda.png,16 oz:0:1;22 oz:25:1.4,Soda Water:250:required;Blueberry Syrup:25:required;Boba Pearls:35:option:Boba;Boba Pearls:30:option:Pearls;Whipping Cream:30:option:Whipped Cream
Classic Milk Tea,Milk Tea,100,Creamy and refreshing Classic Milk Tea.,Available,61_Classic_Milk_Tea.png,16 oz:0:1;22 oz:30:1.4,Black Tea Leaves:5:required;Fresh Milk:120:required;Non-Dairy Creamer:18:required;Boba Pearls:35:option:Pearls;Grass Jelly:35:option:Grass Jelly;Pudding:35:option:Pudding;Cream Cheese Foam:30:option:Cream Cheese
Pearl Milk Tea,Milk Tea,120,Creamy and refreshing Pearl Milk Tea.,Available,62_Pearl_Milk_Tea.png,16 oz:0:1;22 oz:30:1.4,Black Tea Leaves:5:required;Fresh Milk:120:required;Non-Dairy Creamer:18:required;Boba Pearls:35:required;Boba Pearls:35:option:Pearls;Grass Jelly:35:option:Grass Jelly;Pudding:35:option:Pudding;Cream Cheese Foam:30:option:Cream Cheese
Brown Sugar Milk Tea,Milk Tea,130,Creamy and refreshing Brown Sugar Milk Tea.,Available,63_Brown_Sugar_Milk_Tea.png,16 oz:0:1;22 oz:30:1.4,Black Tea Leaves:5:required;Fresh Milk:120:required;Non-Dairy Creamer:18:required;Brown Sugar Syrup:25:required;Boba Pearls:35:option:Pearls;Grass Jelly:35:option:Grass Jelly;Pudding:35:option:Pudding;Cream Cheese Foam:30:option:Cream Cheese
Wintermelon Milk Tea,Milk Tea,120,Creamy and refreshing Wintermelon Milk Tea.,Available,64_Wintermelon_Milk_Tea.png,16 oz:0:1;22 oz:30:1.4,Black Tea Leaves:5:required;Fresh Milk:120:required;Non-Dairy Creamer:18:required;Wintermelon Syrup:25:required;Boba Pearls:35:option:Pearls;Grass Jelly:35:option:Grass Jelly;Pudding:35:option:Pudding;Cream Cheese Foam:30:option:Cream Cheese
Okinawa Milk Tea,Milk Tea,130,Creamy and refreshing Okinawa Milk Tea.,Available,65_Okinawa_Milk_Tea.png,16 oz:0:1;22 oz:30:1.4,Black Tea Leaves:5:required;Fresh Milk:120:required;Non-Dairy Creamer:18:required;Okinawa Powder:20:required;Boba Pearls:35:option:Pearls;Grass Jelly:35:option:Grass Jelly;Pudding:35:option:Pudding;Cream Cheese Foam:30:option:Cream Cheese
Hokkaido Milk Tea,Milk Tea,130,Creamy and refreshing Hokkaido Milk Tea.,Available,66_Hokkaido_Milk_Tea.png,16 oz:0:1;22 oz:30:1.4,Black Tea Leaves:5:required;Fresh Milk:120:required;Non-Dairy Creamer:18:required;Hokkaido Powder:20:required;Boba Pearls:35:option:Pearls;Grass Jelly:35:option:Grass Jelly;Pudding:35:option:Pudding;Cream Cheese Foam:30:option:Cream Cheese
Thai Milk Tea,Milk Tea,130,Creamy and refreshing Thai Milk Tea.,Available,67_Thai_Milk_Tea.png,16 oz:0:1;22 oz:30:1.4,Black Tea Leaves:5:required;Fresh Milk:120:required;Non-Dairy Creamer:18:required;Thai Tea Mix:20:required;Boba Pearls:35:option:Pearls;Grass Jelly:35:option:Grass Jelly;Pudding:35:option:Pudding;Cream Cheese Foam:30:option:Cream Cheese
Taro Milk Tea,Milk Tea,130,Creamy and refreshing Taro Milk Tea.,Available,68_Taro_Milk_Tea.png,16 oz:0:1;22 oz:30:1.4,Black Tea Leaves:5:required;Fresh Milk:120:required;Non-Dairy Creamer:18:required;Taro Powder:20:required;Boba Pearls:35:option:Pearls;Grass Jelly:35:option:Grass Jelly;Pudding:35:option:Pudding;Cream Cheese Foam:30:option:Cream Cheese
Matcha Milk Tea,Milk Tea,140,Creamy and refreshing Matcha Milk Tea.,Available,69_Matcha_Milk_Tea.png,16 oz:0:1;22 oz:30:1.4,Black Tea Leaves:5:required;Fresh Milk:120:required;Non-Dairy Creamer:18:required;Matcha Powder:6:required;Boba Pearls:35:option:Pearls;Grass Jelly:35:option:Grass Jelly;Pudding:35:option:Pudding;Cream Cheese Foam:30:option:Cream Cheese
Chocolate Milk Tea,Milk Tea,130,Creamy and refreshing Chocolate Milk Tea.,Available,70_Chocolate_Milk_Tea.png,16 oz:0:1;22 oz:30:1.4,Black Tea Leaves:5:required;Fresh Milk:120:required;Non-Dairy Creamer:18:required;Cocoa Powder:15:required;Boba Pearls:35:option:Pearls;Grass Jelly:35:option:Grass Jelly;Pudding:35:option:Pudding;Cream Cheese Foam:30:option:Cream Cheese
Strawberry Milk Tea,Milk Tea,130,Creamy and refreshing Strawberry Milk Tea.,Available,71_Strawberry_Milk_Tea.png,16 oz:0:1;22 oz:30:1.4,Black Tea Leaves:5:required;Fresh Milk:120:required;Non-Dairy Creamer:18:required;Strawberry Syrup:20:required;Boba Pearls:35:option:Pearls;Grass Jelly:35:option:Grass Jelly;Pudding:35:option:Pudding;Cream Cheese Foam:30:option:Cream Cheese
Mango Milk Tea,Milk Tea,130,Creamy and refreshing Mango Milk Tea.,Available,72_Mango_Milk_Tea.png,16 oz:0:1;22 oz:30:1.4,Black Tea Leaves:5:required;Fresh Milk:120:required;Non-Dairy Creamer:18:required;Mango Syrup:20:required;Boba Pearls:35:option:Pearls;Grass Jelly:35:option:Grass Jelly;Pudding:35:option:Pudding;Cream Cheese Foam:30:option:Cream Cheese
Honeydew Milk Tea,Milk Tea,130,Creamy and refreshing Honeydew Milk Tea.,Available,73_Honeydew_Milk_Tea.png,16 oz:0:1;22 oz:30:1.4,Black Tea Leaves:5:required;Fresh Milk:120:required;Non-Dairy Creamer:18:required;Honeydew Powder:20:required;Honey:15:required;Boba Pearls:35:option:Pearls;Grass Jelly:35:option:Grass Jelly;Pudding:35:option:Pudding;Cream Cheese Foam:30:option:Cream Cheese
Vanilla Milk Tea,Milk Tea,120,Creamy and refreshing Vanilla Milk Tea.,Available,74_Vanilla_Milk_Tea.png,16 oz:0:1;22 oz:30:1.4,Black Tea Leaves:5:required;Fresh Milk:120:required;Non-Dairy Creamer:18:required;Vanilla Syrup:15:required;Boba Pearls:35:option:Pearls;Grass Jelly:35:option:Grass Jelly;Pudding:35:option:Pudding;Cream Cheese Foam:30:option:Cream Cheese
Caramel Milk Tea,Milk Tea,130,Creamy and refreshing Caramel Milk Tea.,Available,75_Caramel_Milk_Tea.png,16 oz:0:1;22 oz:30:1.4,Black Tea Leaves:5:required;Fresh Milk:120:required;Non-Dairy Creamer:18:required;Caramel Syrup:20:required;Boba Pearls:35:option:Pearls;Grass Jelly:35:option:Grass Jelly;Pudding:35:option:Pudding;Cream Cheese Foam:30:option:Cream Cheese
Hazelnut Milk Tea,Milk Tea,130,Creamy and refreshing Hazelnut Milk Tea.,Available,76_Hazelnut_Milk_Tea.png,16 oz:0:1;22 oz:30:1.4,Black Tea Leaves:5:required;Fresh Milk:120:required;Non-Dairy Creamer:18:required;Hazelnut Syrup:20:required;Boba Pearls:35:option:Pearls;Grass Jelly:35:option:Grass Jelly;Pudding:35:option:Pudding;Cream Cheese Foam:30:option:Cream Cheese
Cookies and Cream Milk Tea,Milk Tea,140,Creamy and refreshing Cookies and Cream Milk Tea.,Available,77_Cookies_and_Cream_Milk_Tea.png,16 oz:0:1;22 oz:30:1.4,Black Tea Leaves:5:required;Fresh Milk:120:required;Non-Dairy Creamer:18:required;Oreo Crumbs:25:required;Boba Pearls:35:option:Pearls;Grass Jelly:35:option:Grass Jelly;Pudding:35:option:Pudding;Cream Cheese Foam:30:option:Cream Cheese
Cheesecake Milk Tea,Milk Tea,150,Creamy and refreshing Cheesecake Milk Tea.,Available,78_Cheesecake_Milk_Tea.png,16 oz:0:1;22 oz:30:1.4,Black Tea Leaves:5:required;Fresh Milk:120:required;Non-Dairy Creamer:18:required;Cheesecake Powder:20:required;Boba Pearls:35:option:Pearls;Grass Jelly:35:option:Grass Jelly;Pudding:35:option:Pudding;Cream Cheese Foam:30:option:Cream Cheese
Red Velvet Milk Tea,Milk Tea,150,Creamy and refreshing Red Velvet Milk Tea.,Available,79_Red_Velvet_Milk_Tea.png,16 oz:0:1;22 oz:30:1.4,Black Tea Leaves:5:required;Fresh Milk:120:required;Non-Dairy Creamer:18:required;Red Velvet Powder:20:required;Boba Pearls:35:option:Pearls;Grass Jelly:35:option:Grass Jelly;Pudding:35:option:Pudding;Cream Cheese Foam:30:option:Cream Cheese
Dark Chocolate Milk Tea,Milk Tea,140,Creamy and refreshing Dark Chocolate Milk Tea.,Available,80_Dark_Chocolate_Milk_Tea.png,16 oz:0:1;22 oz:30:1.4,Black Tea Leaves:5:required;Fresh Milk:120:required;Non-Dairy Creamer:18:required;Cocoa Powder:18:required;Chocolate Sauce:15:required;Boba Pearls:35:option:Pearls;Grass Jelly:35:option:Grass Jelly;Pudding:35:option:Pudding;Cream Cheese Foam:30:option:Cream Cheese
Salted Caramel Milk Tea,Milk Tea,150,Creamy and refreshing Salted Caramel Milk Tea.,Available,81_Salted_Caramel_Milk_Tea.png,16 oz:0:1;22 oz:30:1.4,Black Tea Leaves:5:required;Fresh Milk:120:required;Non-Dairy Creamer:18:required;Salted Caramel Syrup:20:required;Boba Pearls:35:option:Pearls;Grass Jelly:35:option:Grass Jelly;Pudding:35:option:Pudding;Cream Cheese Foam:30:option:Cream Cheese
Brown Sugar Pearl Milk,Milk Tea,150,Creamy and refreshing Brown Sugar Pearl Milk.,Available,82_Brown_Sugar_Pearl_Milk.png,16 oz:0:1;22 oz:30:1.4,Black Tea Leaves:5:required;Fresh Milk:120:required;Non-Dairy Creamer:18:required;Brown Sugar Syrup:25:required;Boba Pearls:35:required;Boba Pearls:35:option:Pearls;Grass Jelly:35:option:Grass Jelly;Pudding:35:option:Pudding;Cream Cheese Foam:30:option:Cream Cheese
Taro Pearl Milk Tea,Milk Tea,150,Creamy and refreshing Taro Pearl Milk Tea.,Available,83_Taro_Pearl_Milk_Tea.png,16 oz:0:1;22 oz:30:1.4,Black Tea Leaves:5:required;Fresh Milk:120:required;Non-Dairy Creamer:18:required;Taro Powder:20:required;Boba Pearls:35:required;Boba Pearls:35:option:Pearls;Grass Jelly:35:option:Grass Jelly;Pudding:35:option:Pudding;Cream Cheese Foam:30:option:Cream Cheese
Matcha Pearl Milk Tea,Milk Tea,150,Creamy and refreshing Matcha Pearl Milk Tea.,Available,84_Matcha_Pearl_Milk_Tea.png,16 oz:0:1;22 oz:30:1.4,Black Tea Leaves:5:required;Fresh Milk:120:required;Non-Dairy Creamer:18:required;Matcha Powder:6:required;Boba Pearls:35:required;Boba Pearls:35:option:Pearls;Grass Jelly:35:option:Grass Jelly;Pudding:35:option:Pudding;Cream Cheese Foam:30:option:Cream Cheese
Wintermelon Pearl Milk Tea,Milk Tea,140,Creamy and refreshing Wintermelon Pearl Milk Tea.,Available,85_Wintermelon_Pearl_Milk_Tea.png,16 oz:0:1;22 oz:30:1.4,Black Tea Leaves:5:required;Fresh Milk:120:required;Non-Dairy Creamer:18:required;Wintermelon Syrup:25:required;Boba Pearls:35:required;Boba Pearls:35:option:Pearls;Grass Jelly:35:option:Grass Jelly;Pudding:35:option:Pudding;Cream Cheese Foam:30:option:Cream Cheese
Oreo Milk Tea,Milk Tea,150,Creamy and refreshing Oreo Milk Tea.,Available,86_Oreo_Milk_Tea.png,16 oz:0:1;22 oz:30:1.4,Black Tea Leaves:5:required;Fresh Milk:120:required;Non-Dairy Creamer:18:required;Oreo Crumbs:25:required;Boba Pearls:35:option:Pearls;Grass Jelly:35:option:Grass Jelly;Pudding:35:option:Pudding;Cream Cheese Foam:30:option:Cream Cheese
Cream Cheese Milk Tea,Milk Tea,150,Creamy and refreshing Cream Cheese Milk Tea.,Available,87_Cream_Cheese_Milk_Tea.png,16 oz:0:1;22 oz:30:1.4,Black Tea Leaves:5:required;Fresh Milk:120:required;Non-Dairy Creamer:18:required;Cream Cheese Foam:30:required;Boba Pearls:35:option:Pearls;Grass Jelly:35:option:Grass Jelly;Pudding:35:option:Pudding;Cream Cheese Foam:30:option:Cream Cheese
Pudding Milk Tea,Milk Tea,140,Creamy and refreshing Pudding Milk Tea.,Available,88_Pudding_Milk_Tea.png,16 oz:0:1;22 oz:30:1.4,Black Tea Leaves:5:required;Fresh Milk:120:required;Non-Dairy Creamer:18:required;Pudding:35:required;Boba Pearls:35:option:Pearls;Grass Jelly:35:option:Grass Jelly;Pudding:35:option:Pudding;Cream Cheese Foam:30:option:Cream Cheese
Grass Jelly Milk Tea,Milk Tea,140,Creamy and refreshing Grass Jelly Milk Tea.,Available,89_Grass_Jelly_Milk_Tea.png,16 oz:0:1;22 oz:30:1.4,Black Tea Leaves:5:required;Fresh Milk:120:required;Non-Dairy Creamer:18:required;Grass Jelly:35:required;Boba Pearls:35:option:Pearls;Grass Jelly:35:option:Grass Jelly;Pudding:35:option:Pudding;Cream Cheese Foam:30:option:Cream Cheese
Honey Pearl Milk Tea,Milk Tea,140,Creamy and refreshing Honey Pearl Milk Tea.,Available,90_Honey_Pearl_Milk_Tea.png,16 oz:0:1;22 oz:30:1.4,Black Tea Leaves:5:required;Fresh Milk:120:required;Non-Dairy Creamer:18:required;Honey:15:required;Boba Pearls:35:required;Boba Pearls:35:option:Pearls;Grass Jelly:35:option:Grass Jelly;Pudding:35:option:Pudding;Cream Cheese Foam:30:option:Cream Cheese
Classic Club Sandwich,Foods,160,Freshly prepared Classic Club Sandwich.,Available,91_Classic_Club_Sandwich.png,,Bread Slices:3:required;Chicken Breast:60:required;Ham:30:required;Bacon:25:required;Cheese Slices:1:required;Lettuce:15:required;Tomato:20:required;Mayonnaise:15:required;Frozen Fries:100:option:Fries;Lettuce:50:option:Salad;Tomato:30:option:Salad;Cheese Slices:1:option:Cheese;Eggs:1:option:Egg;Bacon:30:option:Bacon
Ham and Cheese Sandwich,Foods,140,Freshly prepared Ham and Cheese Sandwich.,Available,92_Ham_and_Cheese_Sandwich.png,,Bread Slices:2:required;Ham:60:required;Cheese Slices:1:required;Mayonnaise:10:required;Frozen Fries:100:option:Fries;Lettuce:50:option:Salad;Tomato:30:option:Salad;Cheese Slices:1:option:Cheese;Eggs:1:option:Egg;Bacon:30:option:Bacon
Chicken Sandwich,Foods,160,Freshly prepared Chicken Sandwich.,Available,93_Chicken_Sandwich.png,,Bread Slices:2:required;Chicken Breast:90:required;Lettuce:15:required;Tomato:20:required;Mayonnaise:15:required;Frozen Fries:100:option:Fries;Lettuce:50:option:Salad;Tomato:30:option:Salad;Cheese Slices:1:option:Cheese;Eggs:1:option:Egg;Bacon:30:option:Bacon
Tuna Sandwich,Foods,150,Freshly prepared Tuna Sandwich.,Available,94_Tuna_Sandwich.png,,Bread Slices:2:required;Tuna:80:required;Lettuce:15:required;Mayonnaise:15:required;Frozen Fries:100:option:Fries;Lettuce:50:option:Salad;Tomato:30:option:Salad;Cheese Slices:1:option:Cheese;Eggs:1:option:Egg;Bacon:30:option:Bacon
Egg Sandwich,Foods,120,Freshly prepared Egg Sandwich.,Available,95_Egg_Sandwich.png,,Bread Slices:2:required;Eggs:2:required;Mayonnaise:12:required;Frozen Fries:100:option:Fries;Lettuce:50:option:Salad;Tomato:30:option:Salad;Cheese Slices:1:option:Cheese;Eggs:1:option:Egg;Bacon:30:option:Bacon
Grilled Cheese Sandwich,Foods,130,Freshly prepared Grilled Cheese Sandwich.,Available,96_Grilled_Cheese_Sandwich.png,,Bread Slices:2:required;Cheese Slices:2:required;Butter:12:required;Frozen Fries:100:option:Fries;Lettuce:50:option:Salad;Tomato:30:option:Salad;Cheese Slices:1:option:Cheese;Eggs:1:option:Egg;Bacon:30:option:Bacon
Chicken Pesto Sandwich,Foods,180,Freshly prepared Chicken Pesto Sandwich.,Available,97_Chicken_Pesto_Sandwich.png,,Bread Slices:2:required;Chicken Breast:80:required;Pesto Sauce:20:required;Cheese Slices:1:required;Frozen Fries:100:option:Fries;Lettuce:50:option:Salad;Tomato:30:option:Salad;Cheese Slices:1:option:Cheese;Eggs:1:option:Egg;Bacon:30:option:Bacon
BLT Sandwich,Foods,170,Freshly prepared BLT Sandwich.,Available,98_BLT_Sandwich.png,,Bread Slices:2:required;Bacon:55:required;Lettuce:20:required;Tomato:30:required;Mayonnaise:10:required;Frozen Fries:100:option:Fries;Lettuce:50:option:Salad;Tomato:30:option:Salad;Cheese Slices:1:option:Cheese;Eggs:1:option:Egg;Bacon:30:option:Bacon
Chicken Wrap,Foods,170,Freshly prepared Chicken Wrap.,Available,99_Chicken_Wrap.png,,Tortilla Wraps:1:required;Chicken Breast:90:required;Lettuce:20:required;Tomato:20:required;Mayonnaise:15:required;Frozen Fries:100:option:Fries;Lettuce:50:option:Salad;Tomato:30:option:Salad;Cheese Slices:1:option:Cheese;Eggs:1:option:Egg;Bacon:30:option:Bacon
Tuna Wrap,Foods,160,Freshly prepared Tuna Wrap.,Available,100_Tuna_Wrap.png,,Tortilla Wraps:1:required;Tuna:85:required;Lettuce:20:required;Tomato:20:required;Mayonnaise:15:required;Frozen Fries:100:option:Fries;Lettuce:50:option:Salad;Tomato:30:option:Salad;Cheese Slices:1:option:Cheese;Eggs:1:option:Egg;Bacon:30:option:Bacon
Chicken Burger,Foods,180,Freshly prepared Chicken Burger.,Available,101_Chicken_Burger.png,,Burger Buns:1:required;Chicken Breast:120:required;Cheese Slices:1:required;Lettuce:15:required;Tomato:25:required;Mayonnaise:15:required;Frozen Fries:100:option:Fries;Lettuce:50:option:Salad;Tomato:30:option:Salad;Cheese Slices:1:option:Cheese;Eggs:1:option:Egg;Bacon:30:option:Bacon
Classic Beef Burger,Foods,190,Freshly prepared Classic Beef Burger.,Available,102_Classic_Beef_Burger.png,,Burger Buns:1:required;Ground Beef:130:required;Lettuce:15:required;Tomato:25:required;Mayonnaise:15:required;Frozen Fries:100:option:Fries;Lettuce:50:option:Salad;Tomato:30:option:Salad;Cheese Slices:1:option:Cheese;Eggs:1:option:Egg;Bacon:30:option:Bacon
Cheeseburger,Foods,210,Freshly prepared Cheeseburger.,Available,103_Cheeseburger.png,,Burger Buns:1:required;Ground Beef:130:required;Cheese Slices:2:required;Lettuce:15:required;Tomato:25:required;Mayonnaise:15:required;Frozen Fries:100:option:Fries;Lettuce:50:option:Salad;Tomato:30:option:Salad;Cheese Slices:1:option:Cheese;Eggs:1:option:Egg;Bacon:30:option:Bacon
Bacon Cheeseburger,Foods,230,Freshly prepared Bacon Cheeseburger.,Available,104_Bacon_Cheeseburger.png,,Burger Buns:1:required;Ground Beef:130:required;Cheese Slices:2:required;Bacon:35:required;Lettuce:15:required;Tomato:25:required;Mayonnaise:15:required;Frozen Fries:100:option:Fries;Lettuce:50:option:Salad;Tomato:30:option:Salad;Cheese Slices:1:option:Cheese;Eggs:1:option:Egg;Bacon:30:option:Bacon
Mushroom Burger,Foods,220,Freshly prepared Mushroom Burger.,Available,105_Mushroom_Burger.png,,Burger Buns:1:required;Ground Beef:130:required;Mushrooms:50:required;Cheese Slices:1:required;Mayonnaise:15:required;Frozen Fries:100:option:Fries;Lettuce:50:option:Salad;Tomato:30:option:Salad;Cheese Slices:1:option:Cheese;Eggs:1:option:Egg;Bacon:30:option:Bacon
Carbonara,Foods,190,Freshly prepared Carbonara.,Available,106_Carbonara.png,,Pasta:100:required;Cream Sauce:110:required;Bacon:35:required;Parmesan Cheese:15:required;Frozen Fries:100:option:Fries;Lettuce:50:option:Salad;Tomato:30:option:Salad;Cheese Slices:1:option:Cheese;Eggs:1:option:Egg;Bacon:30:option:Bacon
Spaghetti Bolognese,Foods,190,Freshly prepared Spaghetti Bolognese.,Available,107_Spaghetti_Bolognese.png,,Pasta:100:required;Bolognese Sauce:120:required;Ground Beef:50:required;Parmesan Cheese:10:required;Frozen Fries:100:option:Fries;Lettuce:50:option:Salad;Tomato:30:option:Salad;Cheese Slices:1:option:Cheese;Eggs:1:option:Egg;Bacon:30:option:Bacon
Chicken Alfredo Pasta,Foods,210,Freshly prepared Chicken Alfredo Pasta.,Available,108_Chicken_Alfredo_Pasta.png,,Pasta:100:required;Chicken Breast:80:required;Cream Sauce:110:required;Parmesan Cheese:15:required;Frozen Fries:100:option:Fries;Lettuce:50:option:Salad;Tomato:30:option:Salad;Cheese Slices:1:option:Cheese;Eggs:1:option:Egg;Bacon:30:option:Bacon
Pesto Pasta,Foods,190,Freshly prepared Pesto Pasta.,Available,109_Pesto_Pasta.png,,Pasta:100:required;Pesto Sauce:55:required;Parmesan Cheese:15:required;Frozen Fries:100:option:Fries;Lettuce:50:option:Salad;Tomato:30:option:Salad;Cheese Slices:1:option:Cheese;Eggs:1:option:Egg;Bacon:30:option:Bacon
Baked Mac and Cheese,Foods,180,Freshly prepared Baked Mac and Cheese.,Available,110_Baked_Mac_and_Cheese.png,,Pasta:100:required;Cheese Sauce:100:required;Cheese Slices:2:required;Frozen Fries:100:option:Fries;Lettuce:50:option:Salad;Tomato:30:option:Salad;Cheese Slices:1:option:Cheese;Eggs:1:option:Egg;Bacon:30:option:Bacon
Chicken Rice Bowl,Foods,180,Freshly prepared Chicken Rice Bowl.,Available,111_Chicken_Rice_Bowl.png,,Rice:160:required;Chicken Breast:110:required;Teriyaki Sauce:25:required;Frozen Fries:100:option:Fries;Lettuce:50:option:Salad;Tomato:30:option:Salad;Cheese Slices:1:option:Cheese;Eggs:1:option:Egg;Bacon:30:option:Bacon
Beef Rice Bowl,Foods,200,Freshly prepared Beef Rice Bowl.,Available,112_Beef_Rice_Bowl.png,,Rice:160:required;Beef Strips:110:required;Teriyaki Sauce:25:required;Frozen Fries:100:option:Fries;Lettuce:50:option:Salad;Tomato:30:option:Salad;Cheese Slices:1:option:Cheese;Eggs:1:option:Egg;Bacon:30:option:Bacon
Teriyaki Chicken Bowl,Foods,190,Freshly prepared Teriyaki Chicken Bowl.,Available,113_Teriyaki_Chicken_Bowl.png,,Rice:160:required;Chicken Breast:110:required;Teriyaki Sauce:40:required;Frozen Fries:100:option:Fries;Lettuce:50:option:Salad;Tomato:30:option:Salad;Cheese Slices:1:option:Cheese;Eggs:1:option:Egg;Bacon:30:option:Bacon
Garlic Chicken Rice,Foods,180,Freshly prepared Garlic Chicken Rice.,Available,114_Garlic_Chicken_Rice.png,,Rice:160:required;Chicken Breast:110:required;Garlic:12:required;Butter:10:required;Frozen Fries:100:option:Fries;Lettuce:50:option:Salad;Tomato:30:option:Salad;Cheese Slices:1:option:Cheese;Eggs:1:option:Egg;Bacon:30:option:Bacon
Beef Tapa Rice,Foods,190,Freshly prepared Beef Tapa Rice.,Available,115_Beef_Tapa_Rice.png,,Rice:160:required;Beef Strips:120:required;Eggs:1:required;Garlic:8:required;Frozen Fries:100:option:Fries;Lettuce:50:option:Salad;Tomato:30:option:Salad;Cheese Slices:1:option:Cheese;Eggs:1:option:Egg;Bacon:30:option:Bacon
Chicken Caesar Salad,Foods,180,Freshly prepared Chicken Caesar Salad.,Available,116_Chicken_Caesar_Salad.png,,Lettuce:120:required;Chicken Breast:90:required;Caesar Dressing:40:required;Parmesan Cheese:15:required;Tomato:25:required;Frozen Fries:100:option:Fries;Lettuce:50:option:Salad;Tomato:30:option:Salad;Cheese Slices:1:option:Cheese;Eggs:1:option:Egg;Bacon:30:option:Bacon
Garden Salad,Foods,150,Freshly prepared Garden Salad.,Available,117_Garden_Salad.png,,Lettuce:130:required;Tomato:60:required;Cucumber:60:required;Caesar Dressing:30:required;Frozen Fries:100:option:Fries;Lettuce:50:option:Salad;Tomato:30:option:Salad;Cheese Slices:1:option:Cheese;Eggs:1:option:Egg;Bacon:30:option:Bacon
Breakfast Plate,Foods,190,Freshly prepared Breakfast Plate.,Available,118_Breakfast_Plate.png,,Eggs:2:required;Bacon:40:required;Sausage:1:required;Bread Slices:2:required;Frozen Fries:100:option:Fries;Lettuce:50:option:Salad;Tomato:30:option:Salad;Cheese Slices:1:option:Cheese;Eggs:1:option:Egg;Bacon:30:option:Bacon
Bacon and Egg Breakfast,Foods,180,Freshly prepared Bacon and Egg Breakfast.,Available,119_Bacon_and_Egg_Breakfast.png,,Eggs:2:required;Bacon:60:required;Bread Slices:2:required;Frozen Fries:100:option:Fries;Lettuce:50:option:Salad;Tomato:30:option:Salad;Cheese Slices:1:option:Cheese;Eggs:1:option:Egg;Bacon:30:option:Bacon
Sausage and Egg Breakfast,Foods,180,Freshly prepared Sausage and Egg Breakfast.,Available,120_Sausage_and_Egg_Breakfast.png,,Eggs:2:required;Sausage:2:required;Bread Slices:2:required;Frozen Fries:100:option:Fries;Lettuce:50:option:Salad;Tomato:30:option:Salad;Cheese Slices:1:option:Cheese;Eggs:1:option:Egg;Bacon:30:option:Bacon
French Fries,Snacks,90,"Freshly prepared French Fries, perfect for sharing or snacking.",Available,121_French_Fries.png,,Frozen Fries:160:required;Cooking Oil:15:required;Dip Sauce:25:option:Dip Sauce;Cheese Sauce:25:option:Extra Cheese
Cheese Fries,Snacks,110,"Freshly prepared Cheese Fries, perfect for sharing or snacking.",Available,122_Cheese_Fries.png,,Frozen Fries:160:required;Cheese Sauce:35:required;Cooking Oil:15:required;Dip Sauce:25:option:Dip Sauce;Cheese Sauce:25:option:Extra Cheese
Loaded Fries,Snacks,140,"Freshly prepared Loaded Fries, perfect for sharing or snacking.",Available,123_Loaded_Fries.png,,Frozen Fries:180:required;Cheese Sauce:40:required;Bacon:35:required;Cooking Oil:15:required;Dip Sauce:25:option:Dip Sauce;Cheese Sauce:25:option:Extra Cheese
Potato Wedges,Snacks,100,"Freshly prepared Potato Wedges, perfect for sharing or snacking.",Available,124_Potato_Wedges.png,,Potato Wedges:180:required;Cooking Oil:15:required;Dip Sauce:25:option:Dip Sauce;Cheese Sauce:25:option:Extra Cheese
Onion Rings,Snacks,100,"Freshly prepared Onion Rings, perfect for sharing or snacking.",Available,125_Onion_Rings.png,,Onion Rings:160:required;Cooking Oil:15:required;Dip Sauce:25:option:Dip Sauce;Cheese Sauce:25:option:Extra Cheese
Nachos,Snacks,120,"Freshly prepared Nachos, perfect for sharing or snacking.",Available,126_Nachos.png,,Nacho Chips:100:required;Cheese Sauce:25:required;Dip Sauce:25:option:Dip Sauce;Cheese Sauce:25:option:Extra Cheese
Cheesy Nachos,Snacks,140,"Freshly prepared Cheesy Nachos, perfect for sharing or snacking.",Available,127_Cheesy_Nachos.png,,Nacho Chips:100:required;Cheese Sauce:45:required;Dip Sauce:25:option:Dip Sauce;Cheese Sauce:25:option:Extra Cheese
Loaded Nachos,Snacks,160,"Freshly prepared Loaded Nachos, perfect for sharing or snacking.",Available,128_Loaded_Nachos.png,,Nacho Chips:110:required;Cheese Sauce:45:required;Ground Beef:55:required;Tomato:30:required;Dip Sauce:25:option:Dip Sauce;Cheese Sauce:25:option:Extra Cheese
Mozzarella Sticks,Snacks,140,"Freshly prepared Mozzarella Sticks, perfect for sharing or snacking.",Available,129_Mozzarella_Sticks.png,,Mozzarella Sticks:6:required;Cooking Oil:15:required;Dip Sauce:25:option:Dip Sauce;Cheese Sauce:25:option:Extra Cheese
Chicken Nuggets,Snacks,130,"Freshly prepared Chicken Nuggets, perfect for sharing or snacking.",Available,130_Chicken_Nuggets.png,,Chicken Nuggets:6:required;Cooking Oil:15:required;Dip Sauce:25:option:Dip Sauce;Cheese Sauce:25:option:Extra Cheese
Chicken Wings,Snacks,180,"Freshly prepared Chicken Wings, perfect for sharing or snacking.",Available,131_Chicken_Wings.png,,Chicken Wings:6:required;Cooking Oil:20:required;Dip Sauce:25:option:Dip Sauce;Cheese Sauce:25:option:Extra Cheese
Buffalo Wings,Snacks,190,"Freshly prepared Buffalo Wings, perfect for sharing or snacking.",Available,132_Buffalo_Wings.png,,Chicken Wings:6:required;Buffalo Sauce:35:required;Cooking Oil:20:required;Dip Sauce:25:option:Dip Sauce;Cheese Sauce:25:option:Extra Cheese
Garlic Parmesan Wings,Snacks,190,"Freshly prepared Garlic Parmesan Wings, perfect for sharing or snacking.",Available,133_Garlic_Parmesan_Wings.png,,Chicken Wings:6:required;Garlic:10:required;Parmesan Cheese:20:required;Cooking Oil:20:required;Dip Sauce:25:option:Dip Sauce;Cheese Sauce:25:option:Extra Cheese
Chicken Tenders,Snacks,160,"Freshly prepared Chicken Tenders, perfect for sharing or snacking.",Available,134_Chicken_Tenders.png,,Chicken Tenders:3:required;Cooking Oil:20:required;Dip Sauce:25:option:Dip Sauce;Cheese Sauce:25:option:Extra Cheese
Popcorn Chicken,Snacks,140,"Freshly prepared Popcorn Chicken, perfect for sharing or snacking.",Available,135_Popcorn_Chicken.png,,Popcorn Chicken:160:required;Cooking Oil:20:required;Dip Sauce:25:option:Dip Sauce;Cheese Sauce:25:option:Extra Cheese
Cheese Sticks,Snacks,100,"Freshly prepared Cheese Sticks, perfect for sharing or snacking.",Available,136_Cheese_Sticks.png,,Mozzarella Sticks:6:required;Cooking Oil:15:required;Dip Sauce:25:option:Dip Sauce;Cheese Sauce:25:option:Extra Cheese
Spring Rolls,Snacks,100,"Freshly prepared Spring Rolls, perfect for sharing or snacking.",Available,137_Spring_Rolls.png,,Spring Rolls:6:required;Cooking Oil:15:required;Dip Sauce:25:option:Dip Sauce;Cheese Sauce:25:option:Extra Cheese
Fish and Chips,Snacks,180,"Freshly prepared Fish and Chips, perfect for sharing or snacking.",Available,138_Fish_and_Chips.png,,Fish Fillet:140:required;Frozen Fries:120:required;Cooking Oil:25:required;Dip Sauce:25:option:Dip Sauce;Cheese Sauce:25:option:Extra Cheese
Hash Browns,Snacks,90,"Freshly prepared Hash Browns, perfect for sharing or snacking.",Available,139_Hash_Browns.png,,Hash Browns:2:required;Cooking Oil:10:required;Dip Sauce:25:option:Dip Sauce;Cheese Sauce:25:option:Extra Cheese
Potato Croquettes,Snacks,110,"Freshly prepared Potato Croquettes, perfect for sharing or snacking.",Available,140_Potato_Croquettes.png,,Potato Croquettes:4:required;Cooking Oil:15:required;Dip Sauce:25:option:Dip Sauce;Cheese Sauce:25:option:Extra Cheese
Garlic Bread,Snacks,90,"Freshly prepared Garlic Bread, perfect for sharing or snacking.",Available,141_Garlic_Bread.png,,Garlic Bread:2:required;Dip Sauce:25:option:Dip Sauce;Cheese Sauce:25:option:Extra Cheese
Cheesy Garlic Bread,Snacks,110,"Freshly prepared Cheesy Garlic Bread, perfect for sharing or snacking.",Available,142_Cheesy_Garlic_Bread.png,,Garlic Bread:2:required;Cheese Slices:1:required;Dip Sauce:25:option:Dip Sauce;Cheese Sauce:25:option:Extra Cheese
Mini Pizza,Snacks,150,"Freshly prepared Mini Pizza, perfect for sharing or snacking.",Available,143_Mini_Pizza.png,,Pizza Dough:120:required;Pizza Sauce:40:required;Cheese Slices:2:required;Dip Sauce:25:option:Dip Sauce;Cheese Sauce:25:option:Extra Cheese
Ham and Cheese Croissant,Snacks,140,"Freshly prepared Ham and Cheese Croissant, perfect for sharing or snacking.",Available,144_Ham_and_Cheese_Croissant.png,,Croissants:1:required;Ham:40:required;Cheese Slices:1:required;Dip Sauce:25:option:Dip Sauce;Cheese Sauce:25:option:Extra Cheese
Sausage Roll,Snacks,120,"Freshly prepared Sausage Roll, perfect for sharing or snacking.",Available,145_Sausage_Roll.png,,Sausage:1:required;Pastry Dough:70:required;Dip Sauce:25:option:Dip Sauce;Cheese Sauce:25:option:Extra Cheese
Chocolate Chip Cookie,Snacks,70,"Freshly prepared Chocolate Chip Cookie, perfect for sharing or snacking.",Available,146_Chocolate_Chip_Cookie.png,,All-Purpose Flour:60:required;Butter:30:required;White Sugar:25:required;Eggs:0.25:required;Chocolate Chips:20:required;Dip Sauce:25:option:Dip Sauce;Cheese Sauce:25:option:Extra Cheese
Oatmeal Cookie,Snacks,70,"Freshly prepared Oatmeal Cookie, perfect for sharing or snacking.",Available,147_Oatmeal_Cookie.png,,All-Purpose Flour:50:required;Oats:25:required;Butter:30:required;Brown Sugar:25:required;Eggs:0.25:required;Dip Sauce:25:option:Dip Sauce;Cheese Sauce:25:option:Extra Cheese
Chocolate Muffin,Snacks,90,"Freshly prepared Chocolate Muffin, perfect for sharing or snacking.",Available,148_Chocolate_Muffin.png,,All-Purpose Flour:70:required;Butter:25:required;White Sugar:30:required;Eggs:0.5:required;Cocoa Powder:15:required;Dip Sauce:25:option:Dip Sauce;Cheese Sauce:25:option:Extra Cheese
Blueberry Muffin,Snacks,90,"Freshly prepared Blueberry Muffin, perfect for sharing or snacking.",Available,149_Blueberry_Muffin.png,,All-Purpose Flour:70:required;Butter:25:required;White Sugar:30:required;Eggs:0.5:required;Blueberries:35:required;Dip Sauce:25:option:Dip Sauce;Cheese Sauce:25:option:Extra Cheese
Banana Muffin,Snacks,90,"Freshly prepared Banana Muffin, perfect for sharing or snacking.",Available,150_Banana_Muffin.png,,All-Purpose Flour:70:required;Butter:25:required;White Sugar:25:required;Eggs:0.5:required;Banana:0.5:required;Dip Sauce:25:option:Dip Sauce;Cheese Sauce:25:option:Extra Cheese
Classic Cheesecake,Dessert,150,Sweet café dessert: Classic Cheesecake.,Available,151_Classic_Cheesecake.png,,Cream Cheese:100:required;Graham Crackers:40:required;Butter:15:required;White Sugar:25:required;Eggs:0.5:required;Chocolate Sauce:15:option:Chocolate Drizzle;Strawberries:40:option:Fruit;Whipping Cream:25:option:Whipped Cream
Blueberry Cheesecake,Dessert,160,Sweet café dessert: Blueberry Cheesecake.,Available,152_Blueberry_Cheesecake.png,,Cream Cheese:100:required;Graham Crackers:40:required;Butter:15:required;White Sugar:25:required;Eggs:0.5:required;Blueberry Syrup:20:required;Chocolate Sauce:15:option:Chocolate Drizzle;Strawberries:40:option:Fruit;Whipping Cream:25:option:Whipped Cream
Strawberry Cheesecake,Dessert,160,Sweet café dessert: Strawberry Cheesecake.,Available,153_Strawberry_Cheesecake.png,,Cream Cheese:100:required;Graham Crackers:40:required;Butter:15:required;White Sugar:25:required;Eggs:0.5:required;Strawberry Syrup:20:required;Chocolate Sauce:15:option:Chocolate Drizzle;Strawberries:40:option:Fruit;Whipping Cream:25:option:Whipped Cream
Oreo Cheesecake,Dessert,170,Sweet café dessert: Oreo Cheesecake.,Available,154_Oreo_Cheesecake.png,,Cream Cheese:100:required;Graham Crackers:30:required;Oreo Crumbs:30:required;Butter:15:required;White Sugar:20:required;Eggs:0.5:required;Chocolate Sauce:15:option:Chocolate Drizzle;Strawberries:40:option:Fruit;Whipping Cream:25:option:Whipped Cream
Basque Burnt Cheesecake,Dessert,180,Sweet café dessert: Basque Burnt Cheesecake.,Available,155_Basque_Burnt_Cheesecake.png,,Cream Cheese:120:required;Whipping Cream:50:required;White Sugar:30:required;Eggs:1:required;Chocolate Sauce:15:option:Chocolate Drizzle;Strawberries:40:option:Fruit;Whipping Cream:25:option:Whipped Cream
Chocolate Cake,Dessert,150,Sweet café dessert: Chocolate Cake.,Available,156_Chocolate_Cake.png,,All-Purpose Flour:80:required;White Sugar:40:required;Butter:30:required;Eggs:1:required;Cocoa Powder:20:required;Chocolate Sauce:15:option:Chocolate Drizzle;Strawberries:40:option:Fruit;Whipping Cream:25:option:Whipped Cream
Red Velvet Cake,Dessert,160,Sweet café dessert: Red Velvet Cake.,Available,157_Red_Velvet_Cake.png,,All-Purpose Flour:80:required;White Sugar:40:required;Butter:30:required;Eggs:1:required;Red Velvet Powder:20:required;Chocolate Sauce:15:option:Chocolate Drizzle;Strawberries:40:option:Fruit;Whipping Cream:25:option:Whipped Cream
Carrot Cake,Dessert,150,Sweet café dessert: Carrot Cake.,Available,158_Carrot_Cake.png,,All-Purpose Flour:80:required;Brown Sugar:35:required;Butter:25:required;Eggs:1:required;Carrots:50:required;Chocolate Sauce:15:option:Chocolate Drizzle;Strawberries:40:option:Fruit;Whipping Cream:25:option:Whipped Cream
Mocha Cake,Dessert,160,Sweet café dessert: Mocha Cake.,Available,159_Mocha_Cake.png,,All-Purpose Flour:80:required;White Sugar:40:required;Butter:30:required;Eggs:1:required;Cocoa Powder:15:required;Coffee Beans:8:required;Chocolate Sauce:15:option:Chocolate Drizzle;Strawberries:40:option:Fruit;Whipping Cream:25:option:Whipped Cream
Ube Cake,Dessert,160,Sweet café dessert: Ube Cake.,Available,160_Ube_Cake.png,,All-Purpose Flour:80:required;White Sugar:40:required;Butter:30:required;Eggs:1:required;Ube Powder:20:required;Chocolate Sauce:15:option:Chocolate Drizzle;Strawberries:40:option:Fruit;Whipping Cream:25:option:Whipped Cream
Tiramisu,Dessert,180,Sweet café dessert: Tiramisu.,Available,161_Tiramisu.png,,Mascarpone Cheese:80:required;Ladyfingers:5:required;Coffee Beans:10:required;Cocoa Powder:5:required;White Sugar:20:required;Chocolate Sauce:15:option:Chocolate Drizzle;Strawberries:40:option:Fruit;Whipping Cream:25:option:Whipped Cream
Chocolate Brownie,Dessert,110,Sweet café dessert: Chocolate Brownie.,Available,162_Chocolate_Brownie.png,,All-Purpose Flour:60:required;Butter:40:required;White Sugar:40:required;Eggs:1:required;Cocoa Powder:20:required;Chocolate Sauce:15:option:Chocolate Drizzle;Strawberries:40:option:Fruit;Whipping Cream:25:option:Whipped Cream
Walnut Brownie,Dessert,120,Sweet café dessert: Walnut Brownie.,Available,163_Walnut_Brownie.png,,All-Purpose Flour:60:required;Butter:40:required;White Sugar:40:required;Eggs:1:required;Cocoa Powder:20:required;Walnuts:20:required;Chocolate Sauce:15:option:Chocolate Drizzle;Strawberries:40:option:Fruit;Whipping Cream:25:option:Whipped Cream
Chocolate Lava Cake,Dessert,170,Sweet café dessert: Chocolate Lava Cake.,Available,164_Chocolate_Lava_Cake.png,,All-Purpose Flour:55:required;Butter:45:required;White Sugar:35:required;Eggs:1:required;Chocolate Chips:45:required;Cocoa Powder:10:required;Chocolate Sauce:15:option:Chocolate Drizzle;Strawberries:40:option:Fruit;Whipping Cream:25:option:Whipped Cream
Banana Bread,Dessert,100,Sweet café dessert: Banana Bread.,Available,165_Banana_Bread.png,,All-Purpose Flour:80:required;Banana:1:required;Brown Sugar:30:required;Butter:25:required;Eggs:0.5:required;Chocolate Sauce:15:option:Chocolate Drizzle;Strawberries:40:option:Fruit;Whipping Cream:25:option:Whipped Cream
Chocolate Donut,Dessert,90,Sweet café dessert: Chocolate Donut.,Available,166_Chocolate_Donut.png,,All-Purpose Flour:60:required;White Sugar:20:required;Butter:12:required;Eggs:0.25:required;Chocolate Sauce:20:required;Chocolate Sauce:15:option:Chocolate Drizzle;Strawberries:40:option:Fruit;Whipping Cream:25:option:Whipped Cream
Glazed Donut,Dessert,80,Sweet café dessert: Glazed Donut.,Available,167_Glazed_Donut.png,,All-Purpose Flour:60:required;White Sugar:30:required;Butter:12:required;Eggs:0.25:required;Chocolate Sauce:15:option:Chocolate Drizzle;Strawberries:40:option:Fruit;Whipping Cream:25:option:Whipped Cream
Strawberry Donut,Dessert,90,Sweet café dessert: Strawberry Donut.,Available,168_Strawberry_Donut.png,,All-Purpose Flour:60:required;White Sugar:20:required;Butter:12:required;Eggs:0.25:required;Strawberry Syrup:20:required;Chocolate Sauce:15:option:Chocolate Drizzle;Strawberries:40:option:Fruit;Whipping Cream:25:option:Whipped Cream
Cinnamon Roll,Dessert,120,Sweet café dessert: Cinnamon Roll.,Available,169_Cinnamon_Roll.png,,All-Purpose Flour:70:required;Brown Sugar:30:required;Butter:20:required;Cinnamon Powder:4:required;Chocolate Sauce:15:option:Chocolate Drizzle;Strawberries:40:option:Fruit;Whipping Cream:25:option:Whipped Cream
Chocolate Croissant,Dessert,120,Sweet café dessert: Chocolate Croissant.,Available,170_Chocolate_Croissant.png,,Croissants:1:required;Chocolate Chips:25:required;Chocolate Sauce:15:option:Chocolate Drizzle;Strawberries:40:option:Fruit;Whipping Cream:25:option:Whipped Cream
Chocolate Sundae,Dessert,120,Sweet café dessert: Chocolate Sundae.,Available,171_Chocolate_Sundae.png,,Chocolate Ice Cream:110:required;Chocolate Sauce:20:required;Whipping Cream:20:required;Chocolate Sauce:15:option:Chocolate Drizzle;Strawberries:40:option:Fruit;Whipping Cream:25:option:Whipped Cream
Strawberry Sundae,Dessert,120,Sweet café dessert: Strawberry Sundae.,Available,172_Strawberry_Sundae.png,,Vanilla Ice Cream:110:required;Strawberry Syrup:20:required;Whipping Cream:20:required;Chocolate Sauce:15:option:Chocolate Drizzle;Strawberries:40:option:Fruit;Whipping Cream:25:option:Whipped Cream
Vanilla Ice Cream,Dessert,100,Sweet café dessert: Vanilla Ice Cream.,Available,173_Vanilla_Ice_Cream.png,,Vanilla Ice Cream:110:required;Chocolate Sauce:15:option:Chocolate Drizzle;Strawberries:40:option:Fruit;Whipping Cream:25:option:Whipped Cream
Chocolate Ice Cream,Dessert,100,Sweet café dessert: Chocolate Ice Cream.,Available,174_Chocolate_Ice_Cream.png,,Chocolate Ice Cream:110:required;Chocolate Sauce:15:option:Chocolate Drizzle;Strawberries:40:option:Fruit;Whipping Cream:25:option:Whipped Cream
Cookies and Cream Ice Cream,Dessert,110,Sweet café dessert: Cookies and Cream Ice Cream.,Available,175_Cookies_and_Cream_Ice_Cream.png,,Vanilla Ice Cream:110:required;Oreo Crumbs:25:required;Chocolate Sauce:15:option:Chocolate Drizzle;Strawberries:40:option:Fruit;Whipping Cream:25:option:Whipped Cream
Mango Graham,Dessert,130,Sweet café dessert: Mango Graham.,Available,176_Mango_Graham.png,,Mango:1:required;Graham Crackers:40:required;Whipping Cream:50:required;Condensed Milk:30:required;Chocolate Sauce:15:option:Chocolate Drizzle;Strawberries:40:option:Fruit;Whipping Cream:25:option:Whipped Cream
Mango Float,Dessert,130,Sweet café dessert: Mango Float.,Available,177_Mango_Float.png,,Mango:1:required;Graham Crackers:45:required;Whipping Cream:60:required;Condensed Milk:35:required;Chocolate Sauce:15:option:Chocolate Drizzle;Strawberries:40:option:Fruit;Whipping Cream:25:option:Whipped Cream
Leche Flan,Dessert,120,Sweet café dessert: Leche Flan.,Available,178_Leche_Flan.png,,Eggs:2:required;Condensed Milk:60:required;Evaporated Milk:60:required;White Sugar:25:required;Vanilla Extract:2:required;Chocolate Sauce:15:option:Chocolate Drizzle;Strawberries:40:option:Fruit;Whipping Cream:25:option:Whipped Cream
Chocolate Mousse,Dessert,140,Sweet café dessert: Chocolate Mousse.,Available,179_Chocolate_Mousse.png,,Whipping Cream:90:required;Chocolate Sauce:35:required;Cocoa Powder:10:required;Chocolate Sauce:15:option:Chocolate Drizzle;Strawberries:40:option:Fruit;Whipping Cream:25:option:Whipped Cream
Panna Cotta,Dessert,150,Sweet café dessert: Panna Cotta.,Available,180_Panna_Cotta.png,,Whipping Cream:110:required;Gelatin:5:required;White Sugar:15:required;Vanilla Extract:2:required;Chocolate Sauce:15:option:Chocolate Drizzle;Strawberries:40:option:Fruit;Whipping Cream:25:option:Whipped Cream
